Fund,VaR_95,CVaR_95
amfi_code,100032.6,100020.5
nav,34.77491,31.005723652173916
daily_return,-0.016254134340517114,-0.022177976704463684
